{"bones":[{"id":13,"parent":12,"translation":[-5.9128304e-8,0.9999999,0.0],"scale":[1.4304612,1.4304612,0.68954265],"rotation":[0.0,0.0,0.21447167,0.97673017]},{"id":11,"parent":null,"translation":[6.626666,-5.2399993,0.1],"scale":[1.0,1.0,1.0],"rotation":[0.0,0.0,0.0,1.0]},{"id":12,"parent":11,"translation":[0.0,1.0,-0.1],"scale":[2.016112,2.016112,1.0],"rotation":[0.0,0.0,-0.32124257,0.9469969]}]}