{"skeleton":{"bones":[{"entity":8,"parent":null,"translation":[-3.9199994,-5.133333,0.1],"scale":[1.0,1.0,1.0],"rotation":[0.0,0.0,0.0,1.0]},{"entity":6,"parent":8,"translation":[0.0,1.0,-0.1],"scale":[1.2002965,1.2002965,1.0],"rotation":[0.0,0.0,0.37896752,0.92541003]}],"skins":[],"targets":[],"skin_mappings":[]},"animations":{"map":{"anim_0":{"keyframes":[0.0,0.9996473383158446],"comp_animations":{"6":{"keyframe_indices":[0],"translations":[[0.0,1.0,-0.1]],"scales":[[1.2002965,1.2002965,1.0]],"rotations":[[0.0,0.0,0.37896752,0.92541003]],"interpolation_functions":["EaseInOut"]},"8":{"keyframe_indices":[0,1],"translations":[[-3.9199994,-5.133333,0.1],[7.1066675,3.4266663,0.1]],"scales":[[1.0,1.0,1.0],[1.0,1.0,1.0]],"rotations":[[0.0,0.0,0.0,1.0],[0.0,0.0,0.0,1.0]],"interpolation_functions":["EaseInOut","EaseInOut"]}}},"amim_1":{"keyframes":[0.0,0.13777698189951482,0.25485210581682627],"comp_animations":{"6":{"keyframe_indices":[0,1,2],"translations":[[0.0,1.0,-0.1],[0.0,1.0,-0.1],[0.0,1.0,-0.1]],"scales":[[1.2002965,1.2002965,1.0],[1.2002965,1.2002965,1.0],[1.2002965,1.2002965,1.0]],"rotations":[[0.0,0.0,0.37896752,0.92541003],[0.0,0.0,-0.41919702,0.9078953],[0.0,0.0,0.37896752,0.92541003]],"interpolation_functions":["EaseInOut","EaseInOut","EaseInOut"]}}}}}}